Time;Ano_Trimestre;Open;High;Low;Close;Volume;Retorno_Pct;Z_Score;Amplitude_Relativa;Volume_Relativo;Tipo_Movimento;Limite_Dinamico;Num_Criterios;Criterio_Principal;Score_Confianca
2025-10-01 12:10:00;2025-Q4;445.49;445.63;441.14;442.83;21;-0.6;-3.27;7.01;4.3;Baixa;0.4;2;Amplitude Alta;100
2021-03-30 10:55:00;2021-Q1;123.83;123.83;123.05;123.05;16;-0.63;-4.42;7.13;2.9;Baixa;0.4;2;Amplitude Alta;100
2025-10-08 09:50:00;2025-Q4;442.06;446.36;442.06;444.81;63;0.62;3.17;5.94;5.7;Alta;0.4;2;Volume Alto;100
2025-10-10 12:00:00;2025-Q4;437.42;437.42;432.1;432.1;52;-1.22;-5.09;6.58;5.1;Baixa;0.4;3;Volume Alto;100
2025-08-27 10:40:00;2025-Q3;448.53;454.43;448.53;454.43;31;1.32;5.3;6.26;2.9;Alta;0.4;2;Amplitude Alta;100
2025-09-23 12:40:00;2025-Q3;416.3;416.3;412.77;412.77;83;-0.85;-4.64;5.54;7.0;Baixa;0.4;2;Volume Alto;100
2025-04-07 11:15:00;2025-Q2;399.25;404.97;399.25;403.09;34;0.96;3.99;6.96;3.5;Alta;0.4;2;Amplitude Alta;100
2025-04-23 10:45:00;2025-Q2;425.8;429.19;425.8;429.19;58;0.8;4.32;5.86;6.6;Alta;0.4;2;Volume Alto;100
2025-05-12 10:00:00;2025-Q2;426.99;426.99;423.33;423.33;36;-0.86;-4.68;8.32;4.0;Baixa;0.4;2;Amplitude Alta;100
2025-05-12 10:40:00;2025-Q2;423.05;423.05;419.03;419.12;37;-0.93;-5.67;9.21;5.0;Baixa;0.4;2;Amplitude Alta;100
2021-01-12 13:25:00;2021-Q1;118.27;118.27;117.12;117.16;13;-0.94;-5.57;8.46;2.8;Baixa;0.4;2;Amplitude Alta;100
2021-01-21 15:05:00;2021-Q1;123.61;124.21;123.61;124.21;4;0.49;4.52;7.98;1.4;Alta;0.4;2;Amplitude Alta;100
2021-01-29 10:35:00;2021-Q1;120.45;120.45;119.81;119.81;10;-0.53;-3.58;7.67;4.3;Baixa;0.4;2;Amplitude Alta;100
2021-02-04 12:40:00;2021-Q1;120.7;120.7;119.59;119.59;4;-0.92;-7.03;13.65;1.2;Baixa;0.4;2;Amplitude Alta;100
2021-02-17 14:20:00;2021-Q1;122.56;123.14;122.56;122.97;28;0.33;3.98;9.13;5.8;Neutro;0.4;3;Volume Alto;100
2021-02-22 14:20:00;2021-Q1;127.16;128.51;127.16;128.47;55;1.03;5.41;9.5;7.1;Alta;0.4;3;Volume Alto;100
2025-05-16 11:40:00;2025-Q2;413.9;413.9;411.01;411.33;29;-0.62;-3.44;5.65;5.6;Baixa;0.4;2;Volume Alto;100
2025-05-29 11:30:00;2025-Q2;395.4;395.4;392.38;393.66;27;-0.44;-3.19;7.39;5.5;Baixa;0.4;3;Volume Alto;100
2025-06-16 09:40:00;2025-Q2;383.73;385.6;383.73;385.6;33;0.49;3.73;5.52;5.6;Alta;0.4;2;Volume Alto;100
2025-06-20 12:05:00;2025-Q2;355.29;355.29;351.22;351.22;44;-1.15;-5.08;6.41;4.6;Baixa;0.4;2;Amplitude Alta;100
2025-06-25 11:00:00;2025-Q2;341.65;341.65;337.89;337.89;24;-1.1;-5.75;7.32;2.9;Baixa;0.4;2;Amplitude Alta;100
2025-01-06 10:45:00;2025-Q1;357.56;357.56;354.31;354.31;12;-0.91;-6.2;10.06;2.4;Baixa;0.4;2;Amplitude Alta;100
2025-01-08 14:20:00;2025-Q1;348.66;348.79;347.04;347.04;14;-0.46;-4.07;6.5;3.3;Baixa;0.4;2;Amplitude Alta;100
2025-01-14 11:50:00;2025-Q1;357.12;359.0;357.12;358.56;17;0.4;4.25;7.49;2.4;Alta;0.4;2;Amplitude Alta;100
2021-05-05 13:05:00;2021-Q2;145.2;145.2;143.23;143.73;37;-1.01;-3.95;6.25;3.6;Baixa;0.4;2;Amplitude Alta;100
2021-05-06 12:20:00;2021-Q2;147.01;148.53;147.01;148.48;50;1.0;4.2;6.1;5.1;Alta;0.4;3;Volume Alto;100
2021-05-06 12:40:00;2021-Q2;149.06;150.95;149.06;149.84;59;0.52;2.65;8.03;8.8;Alta;0.47;3;Volume Alto;100
2021-05-07 11:20:00;2021-Q2;147.34;147.34;146.02;146.02;22;-0.9;-3.8;6.52;4.9;Baixa;0.4;2;Amplitude Alta;100
2021-05-10 14:40:00;2021-Q2;144.63;146.39;144.63;146.39;14;1.22;5.6;9.23;3.9;Alta;0.4;2;Amplitude Alta;100
2021-05-12 13:15:00;2021-Q2;145.2;145.2;143.97;143.97;103;-0.85;-3.56;6.59;11.1;Baixa;0.4;3;Volume Alto;100
2021-05-19 09:45:00;2021-Q2;149.71;150.78;149.3;150.78;10;0.71;4.28;8.6;1.5;Alta;0.4;2;Amplitude Alta;100
2021-05-26 09:40:00;2021-Q2;150.45;151.77;150.45;151.72;37;0.84;4.44;6.52;3.4;Alta;0.4;2;Amplitude Alta;100
2021-05-26 09:45:00;2021-Q2;151.72;153.82;151.72;152.5;42;0.51;3.06;11.04;4.6;Alta;0.4;2;Amplitude Alta;100
2021-06-07 12:55:00;2021-Q2;159.68;160.75;159.68;160.75;17;0.67;4.29;6.22;3.7;Alta;0.4;2;Amplitude Alta;100
2021-06-08 13:00:00;2021-Q2;157.96;157.96;156.69;156.69;24;-0.8;-4.95;6.5;6.3;Baixa;0.4;3;Volume Alto;100
2021-06-21 11:40:00;2021-Q2;149.71;150.86;149.71;150.66;19;0.63;3.92;7.29;3.0;Alta;0.4;2;Amplitude Alta;100
2021-06-29 10:50:00;2021-Q2;158.41;158.41;157.1;157.1;24;-0.83;-4.46;7.02;5.0;Baixa;0.4;2;Amplitude Alta;100
2021-08-09 11:45:00;2021-Q3;175.03;176.51;175.03;176.51;16;0.85;4.71;6.33;3.4;Alta;0.4;2;Amplitude Alta;100
2021-08-13 12:30:00;2021-Q3;182.37;182.37;180.3;180.3;52;-1.14;-4.34;6.13;5.4;Baixa;0.4;3;Volume Alto;100
2021-08-17 11:50:00;2021-Q3;178.7;178.7;177.11;177.51;37;-0.67;-3.38;6.16;5.5;Baixa;0.4;3;Volume Alto;100
2021-08-17 13:10:00;2021-Q3;177.19;177.19;175.95;175.99;34;-0.68;-3.9;5.42;6.2;Baixa;0.4;2;Volume Alto;100
2021-08-31 15:40:00;2021-Q3;188.24;188.24;183.29;186.44;4;-0.96;-3.77;13.04;0.4;Baixa;0.4;2;Amplitude Alta;100
2021-09-01 10:15:00;2021-Q3;190.15;190.23;187.88;187.88;18;-1.19;-6.05;9.37;3.4;Baixa;0.4;2;Amplitude Alta;100
2021-04-05 11:45:00;2021-Q2;120.67;120.67;119.9;120.02;10;-0.54;-3.82;8.35;4.0;Baixa;0.4;2;Amplitude Alta;100
2021-04-14 09:50:00;2021-Q2;129.53;130.44;129.53;130.44;21;0.7;5.03;7.9;3.0;Alta;0.4;2;Amplitude Alta;100
2021-04-14 11:25:00;2021-Q2;128.55;129.25;128.55;129.12;20;0.44;3.61;7.11;5.1;Alta;0.4;3;Volume Alto;100
2021-04-16 12:50:00;2021-Q2;127.81;127.81;126.95;126.95;42;-0.67;-5.69;7.66;5.1;Baixa;0.4;3;Volume Alto;100
2021-04-22 13:15:00;2021-Q2;129.78;130.81;129.7;130.76;55;0.76;3.9;4.37;8.3;Alta;0.4;2;Volume Alto;100
2021-04-27 11:30:00;2021-Q2;138.89;140.08;138.89;139.75;30;0.62;3.14;6.54;5.3;Alta;0.4;3;Volume Alto;100
2021-04-29 10:50:00;2021-Q2;140.49;140.49;138.64;139.54;20;-0.68;-3.77;12.73;3.3;Baixa;0.4;2;Amplitude Alta;100
2021-04-29 11:05:00;2021-Q2;138.64;138.64;137.25;137.25;27;-1.0;-6.12;11.48;5.0;Baixa;0.4;2;Amplitude Alta;100
2025-01-21 14:15:00;2025-Q1;357.16;357.51;355.32;355.32;37;-0.52;-3.86;5.06;5.6;Baixa;0.4;2;Volume Alto;100
2025-02-04 13:30:00;2025-Q1;414.83;414.83;411.98;411.98;29;-0.69;-4.48;5.12;5.3;Baixa;0.4;2;Volume Alto;100
2025-02-14 14:45:00;2025-Q1;439.01;439.01;433.27;433.27;16;-1.31;-5.31;8.55;2.7;Baixa;0.4;2;Amplitude Alta;100
2025-02-14 14:50:00;2025-Q1;432.92;433.19;429.51;429.51;24;-0.79;-3.88;6.04;4.7;Baixa;0.4;2;Amplitude Alta;100
2025-02-14 14:55:00;2025-Q1;432.75;437.44;432.75;437.22;19;1.03;5.12;8.04;4.8;Alta;0.4;2;Amplitude Alta;100
2025-02-20 12:15:00;2025-Q1;435.29;435.29;432.49;432.49;52;-0.64;-3.91;5.85;5.2;Baixa;0.4;2;Volume Alto;100
2025-02-20 14:25:00;2025-Q1;427.67;427.84;422.93;425.04;15;-0.61;-4.15;12.52;5.0;Baixa;0.4;2;Amplitude Alta;100
2025-02-21 11:30:00;2025-Q1;429.42;429.42;426.79;426.79;35;-0.61;-4.85;9.81;10.1;Baixa;0.4;3;Volume Alto;100
2025-02-21 11:40:00;2025-Q1;423.77;424.16;420.65;422.28;6;-0.35;-3.06;13.75;3.4;Neutro;0.4;2;Amplitude Alta;100
2025-02-21 12:00:00;2025-Q1;420.13;422.14;419.34;422.14;3;0.48;4.45;12.18;1.7;Alta;0.4;2;Amplitude Alta;100
2025-03-07 13:00:00;2025-Q1;414.26;417.12;414.13;417.12;12;0.69;4.27;6.88;3.9;Alta;0.4;2;Amplitude Alta;100
2025-03-14 12:10:00;2025-Q1;417.56;417.56;415.45;415.45;14;-0.51;-4.75;7.65;3.1;Baixa;0.4;2;Amplitude Alta;100
2025-03-14 12:15:00;2025-Q1;415.05;415.05;412.19;413.42;20;-0.39;-4.3;11.22;5.1;Neutro;0.4;3;Volume Alto;100
2021-12-07 11:10:00;2021-Q4;224.76;224.76;221.53;222.23;43;-1.13;-4.8;6.65;5.4;Baixa;0.4;3;Volume Alto;100
2021-12-16 10:30:00;2021-Q4;219.77;219.77;217.94;217.94;32;-0.83;-4.8;6.51;4.7;Baixa;0.4;2;Amplitude Alta;100
2021-12-16 13:35:00;2021-Q4;219.11;220.59;219.11;220.59;38;0.68;4.18;6.01;9.2;Alta;0.4;3;Volume Alto;100
2021-07-01 11:50:00;2021-Q3;155.99;155.99;154.23;154.64;22;-0.87;-4.3;10.51;4.9;Baixa;0.4;2;Amplitude Alta;100
2021-07-01 12:25:00;2021-Q3;154.27;154.27;153.0;153.0;12;-0.82;-4.34;6.7;3.6;Baixa;0.4;2;Amplitude Alta;100
2021-07-01 14:10:00;2021-Q3;153.41;153.41;151.89;151.89;18;-0.99;-5.87;8.23;4.0;Baixa;0.4;2;Amplitude Alta;100
2021-07-23 10:45:00;2021-Q3;189.91;189.91;185.73;187.0;47;-1.53;-4.18;7.46;4.1;Baixa;0.4;2;Amplitude Alta;100
2021-08-02 12:55:00;2021-Q3;171.91;171.91;169.49;169.49;68;-1.41;-4.71;8.33;9.8;Baixa;0.4;3;Volume Alto;100
2021-08-03 09:55:00;2021-Q3;173.71;173.71;171.91;171.91;10;-1.04;-4.83;8.05;3.4;Baixa;0.4;2;Amplitude Alta;100
2021-08-06 10:30:00;2021-Q3;172.32;173.52;171.52;173.52;17;0.7;3.69;9.37;6.4;Alta;0.4;3;Volume Alto;100
2021-10-05 12:20:00;2021-Q4;185.12;185.12;183.49;184.05;41;-0.58;-2.97;5.72;5.8;Baixa;0.41;2;Volume Alto;100
2021-10-14 11:20:00;2021-Q4;199.8;199.8;198.25;198.25;27;-0.78;-3.72;4.94;7.1;Baixa;0.4;2;Volume Alto;100
2021-10-18 12:50:00;2021-Q4;192.62;192.66;190.91;190.91;17;-0.89;-5.09;6.56;4.0;Baixa;0.4;2;Amplitude Alta;100
2021-10-21 11:20:00;2021-Q4;196.25;196.25;193.66;194.42;28;-0.93;-3.27;6.48;4.4;Baixa;0.4;2;Amplitude Alta;100
2021-10-22 12:30:00;2021-Q4;191.47;191.47;187.56;189.07;54;-1.25;-6.49;12.75;7.2;Baixa;0.4;3;Volume Alto;100
2021-11-05 09:40:00;2021-Q4;195.49;195.49;193.04;193.23;19;-1.16;-6.1;12.78;3.6;Baixa;0.4;2;Amplitude Alta;100
2021-11-05 09:45:00;2021-Q4;192.88;194.63;192.76;194.28;12;0.73;5.22;10.86;2.5;Alta;0.4;2;Amplitude Alta;100
2021-11-05 09:55:00;2021-Q4;194.48;194.48;193.08;193.08;22;-0.72;-5.57;9.37;4.3;Baixa;0.4;2;Amplitude Alta;100
2021-11-09 14:00:00;2021-Q4;192.57;193.74;192.26;193.62;29;0.55;3.45;6.61;6.6;Alta;0.4;3;Volume Alto;100
2021-11-12 10:35:00;2021-Q4;197.55;199.42;197.51;199.42;95;0.95;4.65;5.6;5.2;Alta;0.4;2;Volume Alto;100
2021-11-12 11:20:00;2021-Q4;200.35;202.14;200.2;201.6;86;0.62;3.32;5.87;6.9;Alta;0.4;2;Volume Alto;100
2021-11-12 11:45:00;2021-Q4;202.38;203.16;200.98;203.16;29;0.39;2.53;7.94;4.5;Neutro;0.49;2;Amplitude Alta;100
2022-01-28 12:00:00;2022-Q1;226.23;226.23;224.87;224.87;17;-0.6;-4.42;5.97;5.1;Baixa;0.4;2;Volume Alto;100
2022-02-07 10:35:00;2022-Q1;227.83;229.23;227.83;229.15;62;0.58;5.29;7.1;7.9;Alta;0.4;3;Volume Alto;100
2022-02-14 09:40:00;2022-Q1;235.46;236.86;235.46;236.86;18;0.59;4.99;6.43;2.9;Alta;0.4;2;Amplitude Alta;100
2022-02-16 10:05:00;2022-Q1;236.94;238.1;236.94;238.1;10;0.49;5.52;7.58;2.2;Alta;0.4;2;Amplitude Alta;100
2022-02-24 09:55:00;2022-Q1;227.44;227.44;224.91;226.51;5;-0.41;-2.91;10.23;2.0;Neutro;0.42;2;Amplitude Alta;100
2022-03-10 12:10:00;2022-Q1;212.64;212.64;211.72;211.72;40;-0.43;-3.53;5.07;6.6;Baixa;0.4;2;Volume Alto;100
2022-03-18 13:45:00;2022-Q1;207.35;208.62;207.35;208.5;41;0.55;4.71;7.3;6.6;Alta;0.4;3;Volume Alto;100
2022-03-22 14:25:00;2022-Q1;213.91;213.91;211.99;211.99;32;-0.9;-5.77;9.34;4.6;Baixa;0.4;2;Amplitude Alta;100
2022-03-24 11:05:00;2022-Q1;211.03;211.03;209.8;210.19;16;-0.4;-2.99;7.09;4.1;Neutro;0.4;2;Amplitude Alta;100
2022-03-28 10:00:00;2022-Q1;207.89;207.89;206.74;206.74;19;-0.55;-4.15;6.23;3.9;Baixa;0.4;2;Amplitude Alta;100
2022-03-28 10:05:00;2022-Q1;206.77;206.77;205.7;205.7;15;-0.52;-4.32;6.09;3.7;Baixa;0.4;2;Amplitude Alta;100
2022-03-29 10:50:00;2022-Q1;205.85;205.85;204.55;205.09;5;-0.37;-3.66;8.13;1.9;Neutro;0.4;2;Amplitude Alta;100
2022-03-30 12:25:00;2022-Q1;209.38;210.42;209.38;210.23;52;0.41;3.26;5.6;8.5;Alta;0.4;2;Volume Alto;100
2022-03-31 10:40:00;2022-Q1;214.79;216.13;214.79;216.13;35;0.62;4.31;5.69;5.3;Alta;0.4;2;Volume Alto;100
2025-03-26 11:00:00;2025-Q1;439.22;439.22;436.1;436.61;24;-0.59;-4.01;7.0;4.7;Baixa;0.4;2;Amplitude Alta;100
2024-10-01 10:55:00;2024-Q4;274.05;274.05;272.15;272.15;55;-0.69;-3.75;4.99;5.6;Baixa;0.4;2;Volume Alto;100
2024-10-02 10:45:00;2024-Q4;270.8;270.8;269.55;269.55;68;-0.46;-3.4;4.65;7.2;Baixa;0.4;2;Volume Alto;100
2024-10-04 10:05:00;2024-Q4;266.38;269.72;265.99;269.72;33;1.25;6.58;11.33;5.0;Alta;0.4;3;Volume Alto;100
2024-10-10 13:30:00;2024-Q4;266.3;267.81;266.25;267.81;45;0.57;3.99;5.27;7.0;Alta;0.4;2;Volume Alto;100
2024-10-15 09:50:00;2024-Q4;272.67;272.67;270.59;270.98;36;-0.62;-4.12;7.07;3.6;Baixa;0.4;2;Amplitude Alta;100
2024-11-01 12:00:00;2024-Q4;258.24;258.24;256.72;256.72;5;-0.59;-5.56;8.95;1.7;Baixa;0.4;2;Amplitude Alta;100
2024-11-12 11:40:00;2024-Q4;279.04;282.98;279.04;282.98;41;1.41;6.95;10.91;6.0;Alta;0.4;3;Volume Alto;100
2024-11-18 11:10:00;2024-Q4;317.21;317.43;314.83;314.83;14;-0.75;-4.16;6.58;4.4;Baixa;0.4;2;Amplitude Alta;100
2024-11-27 13:40:00;2024-Q4;349.67;354.05;349.67;353.61;56;1.13;5.29;8.3;7.4;Alta;0.4;3;Volume Alto;100
2024-12-09 10:00:00;2024-Q4;364.57;364.57;357.73;358.39;27;-1.7;-5.56;8.27;4.4;Baixa;0.4;2;Amplitude Alta;100
2024-12-13 11:45:00;2024-Q4;360.45;363.95;360.32;362.55;33;0.58;3.41;8.27;6.9;Alta;0.4;3;Volume Alto;100
2022-05-12 10:55:00;2022-Q2;204.82;204.82;202.71;203.28;37;-0.75;-3.91;7.53;6.3;Baixa;0.4;3;Volume Alto;100
2022-05-12 11:45:00;2022-Q2;204.47;204.55;203.28;203.28;23;-0.58;-3.32;4.77;9.2;Baixa;0.4;2;Volume Alto;100
2022-05-19 11:00:00;2022-Q2;206.47;208.27;206.47;208.27;17;0.87;5.11;6.51;3.3;Alta;0.4;2;Amplitude Alta;100
2022-05-25 12:15:00;2022-Q2;205.82;207.89;205.82;207.62;52;0.87;4.22;6.57;6.9;Alta;0.4;3;Volume Alto;100
2022-05-31 10:55:00;2022-Q2;218.51;221.62;218.51;221.54;55;1.39;6.92;9.34;4.8;Alta;0.4;2;Amplitude Alta;100
2022-06-13 11:55:00;2022-Q2;211.38;211.38;209.5;210.53;34;-0.4;-2.61;6.26;5.4;Neutro;0.48;3;Volume Alto;100
2022-06-29 10:20:00;2022-Q2;210.19;218.4;210.19;215.56;97;2.55;7.83;15.76;6.4;Alta;0.4;3;Volume Alto;100
2022-01-03 10:15:00;2022-Q1;209.62;209.62;207.05;207.79;31;-0.87;-4.62;7.47;3.6;Baixa;0.4;2;Amplitude Alta;100
2022-01-24 12:15:00;2022-Q1;223.43;223.7;222.34;222.62;28;-0.36;-3.23;7.26;3.8;Neutro;0.4;2;Amplitude Alta;100
2022-08-30 10:35:00;2022-Q3;215.71;215.71;214.33;214.33;23;-0.64;-4.2;6.36;3.8;Baixa;0.4;2;Amplitude Alta;100
2022-09-02 09:40:00;2022-Q3;211.27;211.31;209.78;209.78;17;-0.71;-4.99;7.74;2.0;Baixa;0.4;2;Amplitude Alta;100
2022-09-21 14:25:00;2022-Q3;200.21;201.17;200.21;201.13;81;0.46;2.84;3.73;8.2;Alta;0.43;2;Volume Alto;100
2022-09-22 11:10:00;2022-Q3;200.94;200.94;199.48;199.83;34;-0.55;-3.79;6.22;5.0;Baixa;0.4;2;Amplitude Alta;100
2022-09-27 10:30:00;2022-Q3;203.85;203.85;201.36;202.16;35;-0.83;-4.5;6.9;3.1;Baixa;0.4;2;Amplitude Alta;100
2022-04-04 10:45:00;2022-Q2;219.01;220.05;218.97;219.85;48;0.38;3.54;5.55;5.6;Neutro;0.4;2;Volume Alto;100
2022-04-06 10:55:00;2022-Q2;217.32;217.32;215.63;215.94;53;-0.64;-4.06;6.55;6.7;Baixa;0.4;3;Volume Alto;100
2022-04-06 12:20:00;2022-Q2;216.44;216.44;215.21;215.29;29;-0.53;-3.57;4.76;7.7;Baixa;0.4;2;Volume Alto;100
2022-04-07 10:35:00;2022-Q2;215.86;215.94;214.06;214.79;30;-0.5;-4.01;8.58;6.1;Baixa;0.4;3;Volume Alto;100
2022-04-08 09:45:00;2022-Q2;218.7;220.05;218.59;220.05;63;0.62;4.35;6.7;4.8;Alta;0.4;2;Amplitude Alta;100
2022-04-11 10:45:00;2022-Q2;223.61;224.34;223.61;224.34;49;0.33;3.21;4.37;7.8;Neutro;0.4;2;Volume Alto;100
2022-04-22 10:20:00;2022-Q2;217.02;218.32;217.02;218.28;112;0.58;4.42;6.81;9.3;Alta;0.4;3;Volume Alto;100
2022-05-03 10:35:00;2022-Q2;207.35;209.04;207.35;208.77;37;0.68;4.35;7.2;4.8;Alta;0.4;2;Amplitude Alta;100
2022-11-28 10:45:00;2022-Q4;149.85;149.85;148.77;149.07;31;-0.52;-3.46;5.24;6.5;Baixa;0.4;2;Volume Alto;100
2022-12-02 11:40:00;2022-Q4;154.55;154.55;153.14;153.14;15;-0.91;-5.31;8.48;4.3;Baixa;0.4;2;Amplitude Alta;100
2022-12-02 12:25:00;2022-Q4;154.14;155.26;154.14;154.96;14;0.53;3.79;7.24;3.4;Alta;0.4;2;Amplitude Alta;100
2022-12-16 12:40:00;2022-Q4;159.14;160.38;158.99;160.23;24;0.68;5.22;8.93;3.0;Alta;0.4;2;Amplitude Alta;100
2022-07-01 11:00:00;2022-Q3;216.21;216.21;214.02;214.02;37;-1.01;-5.83;8.72;4.9;Baixa;0.4;2;Amplitude Alta;100
2022-07-22 09:40:00;2022-Q3;198.53;198.68;196.53;196.53;37;-1.01;-5.1;6.32;3.3;Baixa;0.4;2;Amplitude Alta;100
2022-08-17 10:45:00;2022-Q3;198.76;199.87;198.76;199.87;7;0.56;4.38;7.95;1.5;Alta;0.4;2;Amplitude Alta;100
2024-12-19 12:25:00;2024-Q4;362.55;362.55;358.17;359.31;28;-0.89;-4.27;7.83;3.5;Baixa;0.4;2;Amplitude Alta;100
2024-12-20 12:15:00;2024-Q4;358.43;358.43;356.07;356.07;13;-0.66;-4.07;6.35;3.7;Baixa;0.4;2;Amplitude Alta;100
2024-12-20 12:20:00;2024-Q4;356.02;357.99;355.06;357.99;18;0.55;3.94;8.37;6.0;Alta;0.4;3;Volume Alto;100
2024-12-30 10:05:00;2024-Q4;349.58;352.34;349.58;352.34;6;0.79;5.03;8.53;2.3;Alta;0.4;2;Amplitude Alta;100
2024-07-02 12:10:00;2024-Q3;235.63;238.49;235.63;237.85;68;0.94;4.39;7.89;5.9;Alta;0.4;3;Volume Alto;100
2024-07-03 11:05:00;2024-Q3;236.15;236.83;234.32;234.49;36;-0.7;-3.71;7.42;4.4;Baixa;0.4;2;Amplitude Alta;100
2024-07-12 11:45:00;2024-Q3;257.85;260.31;257.85;260.19;50;0.91;4.75;6.06;4.2;Alta;0.4;2;Amplitude Alta;100
2024-07-15 10:55:00;2024-Q3;253.59;253.59;252.14;252.36;62;-0.49;-3.2;4.58;8.8;Baixa;0.4;2;Volume Alto;100
2024-07-25 13:15:00;2024-Q3;248.4;250.57;248.4;250.57;37;0.87;5.8;8.89;7.9;Alta;0.4;3;Volume Alto;100
2023-03-02 11:30:00;2023-Q1;173.34;173.34;171.94;171.94;8;-0.81;-5.08;6.4;2.7;Baixa;0.4;2;Amplitude Alta;100
2023-03-08 11:20:00;2023-Q1;169.66;169.66;168.37;168.37;29;-0.76;-4.6;6.28;3.6;Baixa;0.4;2;Amplitude Alta;100
2023-03-10 10:35:00;2023-Q1;166.32;169.19;166.32;167.79;23;0.88;4.3;11.29;4.3;Alta;0.4;2;Amplitude Alta;100
2023-03-16 11:10:00;2023-Q1;169.81;170.78;169.73;170.78;58;0.57;3.68;4.71;7.2;Alta;0.4;2;Volume Alto;100
2023-03-29 10:00:00;2023-Q1;162.71;162.71;160.65;161.51;20;-0.74;-3.99;8.18;2.7;Baixa;0.4;2;Amplitude Alta;100
2022-10-10 10:05:00;2022-Q4;196.34;197.03;195.31;195.31;29;-0.52;-3.46;7.63;5.5;Baixa;0.4;3;Volume Alto;100
2022-10-18 09:40:00;2022-Q4;178.36;181.11;178.36;179.85;22;0.84;4.57;10.33;3.4;Alta;0.4;2;Amplitude Alta;100
2022-11-07 12:30:00;2022-Q4;154.78;154.78;152.64;153.02;75;-1.14;-5.03;6.74;8.3;Baixa;0.4;3;Volume Alto;100
2022-11-21 10:10:00;2022-Q4;147.74;149.0;147.74;149.0;16;0.85;4.3;6.16;4.7;Alta;0.4;2;Amplitude Alta;100
2022-11-23 10:00:00;2022-Q4;151.83;151.83;150.9;150.9;34;-0.61;-3.8;6.01;4.4;Baixa;0.4;2;Amplitude Alta;100
2022-11-23 10:05:00;2022-Q4;150.97;151.9;150.78;151.9;17;0.62;4.12;7.66;2.4;Alta;0.4;2;Amplitude Alta;100
2022-11-25 12:10:00;2022-Q4;152.43;153.77;152.43;153.55;26;0.73;3.95;6.33;6.7;Alta;0.4;3;Volume Alto;100
2024-07-31 13:20:00;2024-Q3;243.04;245.38;243.0;245.08;25;0.84;4.56;7.28;4.3;Alta;0.4;2;Amplitude Alta;100
2024-08-02 12:10:00;2024-Q3;245.55;247.08;245.55;246.78;31;0.5;2.82;3.95;8.5;Alta;0.44;2;Volume Alto;100
2024-08-14 11:55:00;2024-Q3;251.76;253.38;251.72;252.74;15;0.39;3.0;7.6;3.8;Neutro;0.4;2;Amplitude Alta;100
2024-08-14 12:00:00;2024-Q3;252.74;252.74;251.46;251.46;13;-0.51;-4.31;6.3;3.8;Baixa;0.4;2;Amplitude Alta;100
2024-08-14 13:20:00;2024-Q3;252.82;252.82;251.46;251.46;14;-0.54;-5.01;7.07;3.7;Baixa;0.4;2;Amplitude Alta;100
2024-08-30 13:10:00;2024-Q3;257.15;257.28;254.64;255.24;49;-0.74;-4.68;9.23;6.3;Baixa;0.4;3;Volume Alto;100
2024-09-10 12:25:00;2024-Q3;257.89;257.89;256.46;256.46;45;-0.55;-3.95;4.91;8.7;Baixa;0.4;2;Volume Alto;100
2024-09-16 13:20:00;2024-Q3;265.99;265.99;264.35;264.69;28;-0.49;-3.15;4.29;7.4;Baixa;0.4;2;Volume Alto;100
2024-09-24 10:30:00;2024-Q3;277.35;277.39;275.27;275.27;24;-0.75;-4.89;6.03;2.9;Baixa;0.4;2;Amplitude Alta;100
2024-09-24 13:30:00;2024-Q3;274.66;274.75;273.01;273.45;42;-0.44;-2.99;4.8;6.8;Baixa;0.4;2;Volume Alto;100
2024-09-25 11:10:00;2024-Q3;274.36;274.36;272.32;273.01;43;-0.49;-3.76;7.13;5.4;Baixa;0.4;3;Volume Alto;100
2023-01-04 10:00:00;2023-Q1;160.23;160.23;158.92;158.92;24;-0.82;-3.99;6.18;4.1;Baixa;0.4;2;Amplitude Alta;100
2023-01-04 11:45:00;2023-Q1;158.02;158.02;156.76;156.76;22;-0.8;-4.33;6.03;3.6;Baixa;0.4;2;Amplitude Alta;100
2023-01-06 10:40:00;2023-Q1;154.44;156.35;154.44;155.45;15;0.65;4.54;11.5;3.5;Alta;0.4;2;Amplitude Alta;100
2023-01-13 10:10:00;2023-Q1;147.46;149.33;147.46;149.18;18;1.17;5.57;9.18;3.4;Alta;0.4;2;Amplitude Alta;100
2023-01-13 10:30:00;2023-Q1;149.66;149.66;148.47;148.47;9;-0.8;-4.6;7.53;2.9;Baixa;0.4;2;Amplitude Alta;100
2023-01-17 10:30:00;2023-Q1;150.11;150.34;149.29;149.29;19;-0.55;-4.54;8.05;5.6;Baixa;0.4;3;Volume Alto;100
2023-01-25 13:25:00;2023-Q1;159.41;161.01;159.41;160.49;33;0.68;4.08;6.19;4.4;Alta;0.4;2;Amplitude Alta;100
2023-02-01 10:25:00;2023-Q1;180.01;180.01;176.31;176.54;65;-1.93;-6.39;9.54;5.9;Baixa;0.4;3;Volume Alto;100
2023-02-07 15:15:00;2023-Q1;177.28;177.62;176.28;176.28;12;-0.56;-4.24;7.22;2.5;Baixa;0.4;2;Amplitude Alta;100
2023-02-15 13:55:00;2023-Q1;172.28;172.43;171.39;171.39;20;-0.52;-3.66;6.12;4.3;Baixa;0.4;2;Amplitude Alta;100
2023-02-16 10:55:00;2023-Q1;170.94;171.98;170.94;171.98;17;0.61;4.07;5.83;5.3;Alta;0.4;2;Volume Alto;100
2023-09-11 10:40:00;2023-Q3;147.64;148.65;147.64;148.61;28;0.66;4.78;7.34;4.4;Alta;0.4;2;Amplitude Alta;100
2023-04-24 10:50:00;2023-Q2;180.01;182.73;180.01;181.57;23;0.87;4.54;11.34;5.2;Alta;0.4;3;Volume Alto;100
2023-04-26 11:35:00;2023-Q2;177.84;179.2;177.69;179.2;24;0.76;4.7;6.31;4.6;Alta;0.4;2;Amplitude Alta;100
2023-04-26 11:40:00;2023-Q2;178.85;179.7;178.85;179.63;38;0.44;3.1;3.76;9.4;Alta;0.4;2;Volume Alto;100
2023-05-17 09:55:00;2023-Q2;173.03;174.19;173.03;174.19;59;0.67;2.73;4.76;8.9;Alta;0.45;2;Volume Alto;100
2023-06-02 11:25:00;2023-Q2;167.21;167.21;165.39;165.39;20;-1.09;-4.83;6.85;3.2;Baixa;0.4;2;Amplitude Alta;100
2023-06-27 10:50:00;2023-Q2;151.89;153.24;151.89;153.24;25;0.89;4.18;6.43;4.3;Alta;0.4;2;Amplitude Alta;100
2023-06-27 13:15:00;2023-Q2;153.01;154.45;153.01;154.21;26;0.78;4.15;6.78;8.5;Alta;0.4;3;Volume Alto;100
2024-04-22 11:20:00;2024-Q2;233.59;235.38;233.59;235.38;35;0.77;3.86;4.89;6.0;Alta;0.4;2;Volume Alto;100
2024-04-30 12:40:00;2024-Q2;228.06;228.06;223.93;225.08;86;-1.31;-6.0;10.52;4.9;Baixa;0.4;2;Amplitude Alta;100
2024-05-07 10:10:00;2024-Q2;200.06;201.34;199.98;200.83;38;0.38;3.02;6.55;6.3;Neutro;0.4;3;Volume Alto;100
2024-05-13 12:20:00;2024-Q2;206.62;206.62;204.02;204.02;38;-1.26;-4.82;6.18;4.0;Baixa;0.4;2;Amplitude Alta;100
2024-05-13 13:20:00;2024-Q2;202.96;202.96;200.83;201.26;36;-0.84;-3.99;5.95;6.2;Baixa;0.4;2;Volume Alto;100
2024-06-10 10:00:00;2024-Q2;234.02;234.02;231.93;232.02;29;-0.85;-4.51;5.59;5.7;Baixa;0.4;2;Volume Alto;100
2024-06-12 13:00:00;2024-Q2;232.15;235.72;232.15;235.59;29;1.48;5.37;7.46;2.6;Alta;0.4;2;Amplitude Alta;100
2024-01-05 12:00:00;2024-Q1;181.1;182.47;181.1;181.99;28;0.49;3.14;6.35;5.7;Alta;0.4;3;Volume Alto;100
2023-07-14 11:35:00;2023-Q3;147.74;148.67;147.74;148.67;38;0.63;4.14;5.11;7.5;Alta;0.4;2;Volume Alto;100
2023-07-20 10:00:00;2023-Q3;144.52;145.87;144.52;145.87;42;0.93;4.81;6.47;5.0;Alta;0.4;2;Amplitude Alta;100
2023-07-28 10:00:00;2023-Q3;148.98;149.17;147.85;147.85;25;-0.76;-4.34;6.35;5.2;Baixa;0.4;3;Volume Alto;100
2023-08-07 09:35:00;2023-Q3;151.3;151.93;151.23;151.93;19;0.42;3.9;6.81;3.5;Alta;0.4;2;Amplitude Alta;100
2023-08-10 09:40:00;2023-Q3;152.08;152.08;151.07;151.07;13;-0.66;-4.6;6.75;3.4;Baixa;0.4;2;Amplitude Alta;100
2023-08-18 10:35:00;2023-Q3;146.88;148.04;146.88;148.04;21;0.79;4.91;6.68;3.5;Alta;0.4;2;Amplitude Alta;100
2023-08-18 10:55:00;2023-Q3;147.76;148.73;147.76;148.73;16;0.66;4.85;6.33;3.8;Alta;0.4;2;Amplitude Alta;100
2023-08-25 09:50:00;2023-Q3;150.18;150.18;148.16;148.65;33;-1.02;-6.01;11.54;5.9;Baixa;0.4;3;Volume Alto;100
2023-08-31 10:20:00;2023-Q3;150.66;151.67;150.66;151.47;27;0.54;3.31;6.59;4.5;Alta;0.4;2;Amplitude Alta;100
2023-08-31 10:35:00;2023-Q3;151.87;152.64;151.87;152.64;22;0.51;3.34;5.62;5.4;Alta;0.4;2;Volume Alto;100
2024-01-11 15:25:00;2024-Q1;182.39;183.2;182.39;183.2;118;0.44;2.54;3.4;11.2;Neutro;0.49;2;Volume Alto;100
2024-01-12 13:10:00;2024-Q1;180.05;180.05;178.4;178.4;51;-0.92;-5.21;6.94;5.8;Baixa;0.4;3;Volume Alto;100
2024-01-17 10:20:00;2024-Q1;178.8;179.0;177.59;177.71;58;-0.61;-3.15;5.4;6.4;Baixa;0.4;2;Volume Alto;100
2024-02-02 11:45:00;2024-Q1;191.51;191.51;189.66;189.66;40;-0.97;-6.32;10.46;7.5;Baixa;0.4;3;Volume Alto;100
2024-02-07 10:25:00;2024-Q1;189.09;190.06;189.01;190.06;25;0.51;4.76;7.55;3.6;Alta;0.4;2;Amplitude Alta;100
2024-02-20 15:55:00;2024-Q1;189.66;190.38;189.66;190.38;19;0.38;4.24;6.45;3.1;Neutro;0.4;2;Amplitude Alta;100
2024-02-27 13:30:00;2024-Q1;188.02;190.45;188.02;188.92;31;0.48;2.76;10.84;2.3;Alta;0.45;2;Amplitude Alta;100
2024-02-27 15:55:00;2024-Q1;189.34;190.62;189.34;190.62;31;0.68;4.33;6.88;4.7;Alta;0.4;2;Amplitude Alta;100
2024-02-28 10:20:00;2024-Q1;188.83;190.28;188.83;189.72;11;0.47;3.63;8.6;2.7;Alta;0.4;2;Amplitude Alta;100
2023-11-22 12:10:00;2023-Q4;164.64;166.41;164.64;166.41;23;1.08;5.83;9.37;3.7;Alta;0.4;2;Amplitude Alta;100
2023-12-01 11:30:00;2023-Q4;175.13;177.19;174.73;176.66;39;0.87;3.65;7.82;3.9;Alta;0.4;2;Amplitude Alta;100
2023-12-01 13:15:00;2023-Q4;180.98;180.98;178.76;178.76;21;-1.23;-6.49;9.96;4.8;Baixa;0.4;2;Amplitude Alta;100
2023-12-06 10:00:00;2023-Q4;175.37;175.65;174.32;174.32;36;-0.6;-3.66;6.09;4.5;Baixa;0.4;2;Amplitude Alta;100
2023-12-13 11:20:00;2023-Q4;184.41;184.41;182.8;182.8;33;-0.87;-5.4;6.25;3.2;Baixa;0.4;2;Amplitude Alta;100
2023-12-18 10:05:00;2023-Q4;187.52;187.52;185.62;185.62;61;-1.01;-3.48;6.15;7.2;Baixa;0.4;3;Volume Alto;100
2023-12-19 14:20:00;2023-Q4;194.9;199.34;194.86;199.34;37;2.28;7.07;8.85;2.6;Alta;0.4;2;Amplitude Alta;100
2023-12-21 12:20:00;2023-Q4;190.06;190.06;188.93;188.93;17;-0.59;-3.98;6.07;4.4;Baixa;0.4;2;Amplitude Alta;100
2023-07-06 10:30:00;2023-Q3;146.42;148.39;146.42;148.39;21;1.35;4.96;7.23;1.8;Alta;0.4;2;Amplitude Alta;100
2023-07-06 10:35:00;2023-Q3;148.43;151.07;148.43;150.3;34;1.26;5.41;10.32;3.2;Alta;0.4;2;Amplitude Alta;100
2023-07-11 11:40:00;2023-Q3;145.25;146.26;145.1;146.26;41;0.7;4.01;6.87;6.4;Alta;0.4;3;Volume Alto;100
2024-02-29 13:55:00;2024-Q1;189.55;190.96;189.55;190.87;48;0.7;4.15;5.88;7.5;Alta;0.4;2;Volume Alto;100
2024-03-07 10:05:00;2024-Q1;193.21;195.55;193.21;194.87;54;0.86;4.69;7.03;3.1;Alta;0.4;2;Amplitude Alta;100
2024-03-12 11:00:00;2024-Q1;190.28;192.32;190.28;192.32;58;1.07;7.11;12.52;9.7;Alta;0.4;3;Volume Alto;100
2024-03-15 12:00:00;2024-Q1;188.53;189.34;188.53;189.34;59;0.43;3.42;4.9;8.6;Alta;0.4;2;Volume Alto;100
2023-10-02 11:55:00;2023-Q4;146.96;148.61;146.96;148.21;42;0.85;5.17;10.83;5.5;Alta;0.4;3;Volume Alto;100
2023-10-27 14:55:00;2023-Q4;156.54;156.54;155.5;155.5;49;-0.66;-4.09;4.88;6.7;Baixa;0.4;2;Volume Alto;100
2023-11-06 14:20:00;2023-Q4;166.37;167.58;166.37;167.58;28;0.73;3.91;7.09;4.6;Alta;0.4;2;Amplitude Alta;100
2025-11-12 10:20:00;2025-Q4;485.94;486.28;480.34;480.34;93;-1.15;-4.83;9.2;6.7;Baixa;0.4;3;Volume Alto;100
2025-11-12 10:25:00;2025-Q4;481.45;482.37;475.84;475.84;57;-1.17;-5.65;11.15;6.2;Baixa;0.4;3;Volume Alto;100
2025-11-12 10:30:00;2025-Q4;475.41;475.41;469.9;473.18;27;-0.47;-2.72;10.46;4.2;Baixa;0.46;2;Amplitude Alta;100
2025-12-01 10:15:00;2025-Q4;464.0;464.35;461.0;461.05;30;-0.64;-3.85;6.6;3.9;Baixa;0.4;2;Amplitude Alta;100
2025-12-08 12:05:00;2025-Q4;458.1;458.1;454.1;454.8;44;-0.72;-4.64;8.14;6.1;Baixa;0.4;3;Volume Alto;100
2025-12-08 12:35:00;2025-Q4;453.6;453.6;450.6;451.0;22;-0.57;-4.13;6.71;5.0;Baixa;0.4;2;Amplitude Alta;100
2025-12-12 11:00:00;2025-Q4;458.05;458.05;455.45;456.1;62;-0.43;-3.06;5.73;6.2;Baixa;0.4;2;Volume Alto;100
2025-07-08 10:35:00;2025-Q3;316.01;316.01;313.12;313.12;21;-0.91;-4.83;7.2;4.5;Baixa;0.4;2;Amplitude Alta;100
2025-07-18 12:20:00;2025-Q3;341.05;341.05;337.89;338.35;47;-0.79;-3.66;5.43;8.4;Baixa;0.4;2;Volume Alto;100
2021-02-22 14:30:00;2021-Q1;128.8;129.62;128.55;129.53;29;0.57;3.67;8.58;7.3;Alta;0.4;3;Volume Alto;100
2021-02-26 10:45:00;2021-Q1;132.32;132.94;132.32;132.9;18;0.44;4.17;6.15;5.7;Alta;0.4;3;Volume Alto;100
2021-03-01 14:45:00;2021-Q1;131.75;131.75;131.26;131.26;16;-0.37;-3.68;7.38;2.8;Neutro;0.4;2;Amplitude Alta;100
2021-03-02 10:05:00;2021-Q1;130.72;130.72;129.86;130.11;21;-0.47;-4.34;11.49;3.7;Baixa;0.4;2;Amplitude Alta;100
2021-03-02 11:15:00;2021-Q1;130.11;130.11;129.62;129.62;10;-0.38;-3.33;7.01;4.0;Neutro;0.4;2;Amplitude Alta;100
2021-03-04 12:15:00;2021-Q1;127.81;127.81;127.07;127.07;24;-0.58;-4.43;8.05;5.7;Baixa;0.4;3;Volume Alto;100
2021-03-15 11:55:00;2021-Q1;129.0;129.0;127.85;127.93;11;-0.83;-6.11;14.33;3.2;Baixa;0.4;2;Amplitude Alta;100
2021-03-18 14:20:00;2021-Q1;127.65;127.65;126.42;126.5;31;-0.9;-4.54;10.71;5.0;Baixa;0.4;2;Amplitude Alta;100
2021-03-18 14:25:00;2021-Q1;127.16;127.16;126.33;126.33;10;-0.65;-3.64;7.97;2.1;Baixa;0.4;2;Amplitude Alta;100
2021-03-19 09:35:00;2021-Q1;127.16;127.16;126.25;126.25;10;-0.72;-4.24;9.31;2.1;Baixa;0.4;2;Amplitude Alta;100
2021-03-19 13:20:00;2021-Q1;127.73;127.73;126.83;126.83;3;-0.7;-4.65;9.37;0.7;Baixa;0.4;2;Amplitude Alta;100
2021-03-22 09:40:00;2021-Q1;126.87;126.87;126.33;126.33;28;-0.43;-3.2;5.85;8.0;Baixa;0.4;2;Volume Alto;100
2023-08-04 14:35:00;2023-Q3;150.88;150.92;150.14;150.14;18;-0.49;-3.88;6.75;3.1;Baixa;0.4;2;Amplitude Alta;100
2024-01-11 12:10:00;2024-Q1;184.09;185.54;184.05;185.38;57;0.7;3.54;5.42;5.1;Alta;0.4;2;Volume Alto;100
2024-07-05 10:55:00;2024-Q3;236.57;238.57;236.23;238.57;20;0.85;4.71;6.0;2.8;Alta;0.4;2;Amplitude Alta;100
2023-10-10 10:30:00;2023-Q4;144.38;145.43;144.22;145.35;18;0.67;3.73;6.11;4.0;Alta;0.4;2;Amplitude Alta;100
2021-01-26 14:20:00;2021-Q1;122.28;122.28;121.77;121.77;11;-0.42;-3.13;6.19;4.7;Baixa;0.4;2;Amplitude Alta;100
2025-10-23 14:25:00;2025-Q4;474.25;474.54;469.8;471.25;36;-0.63;-2.98;6.86;4.0;Baixa;0.4;2;Amplitude Alta;100
2025-02-18 11:40:00;2025-Q1;441.99;441.99;438.18;438.18;5;-0.86;-4.97;6.92;1.3;Baixa;0.4;2;Amplitude Alta;100
2024-03-26 10:10:00;2024-Q1;193.51;194.62;193.51;194.62;49;0.57;3.97;4.25;6.0;Alta;0.4;2;Volume Alto;100
2025-09-02 09:40:00;2025-Q3;445.3;445.39;439.79;439.79;32;-1.24;-5.0;6.04;2.3;Baixa;0.4;2;Amplitude Alta;99
2021-06-29 09:50:00;2021-Q2;158.53;158.53;157.47;157.51;32;-0.64;-3.58;6.33;3.9;Baixa;0.4;2;Amplitude Alta;99
2024-02-07 15:25:00;2024-Q1;189.86;190.54;189.86;190.46;34;0.32;3.38;5.48;5.2;Neutro;0.4;2;Volume Alto;99
2021-07-23 09:55:00;2021-Q3;188.85;192.62;188.15;191.96;28;1.65;3.92;7.37;2.1;Alta;0.4;2;Amplitude Alta;99
2024-07-02 13:10:00;2024-Q3;237.51;237.51;235.85;235.97;22;-0.65;-4.08;6.36;3.1;Baixa;0.4;2;Amplitude Alta;99
2022-06-13 11:50:00;2022-Q2;212.72;212.72;211.26;211.26;42;-0.69;-4.09;4.67;5.2;Baixa;0.4;2;Volume Alto;99
2024-01-26 12:05:00;2024-Q1;190.46;191.31;190.46;191.31;27;0.45;3.77;4.64;5.7;Alta;0.4;2;Volume Alto;99
2023-08-31 10:05:00;2023-Q3;152.44;152.44;151.35;151.35;32;-0.72;-3.69;6.14;3.9;Baixa;0.4;2;Amplitude Alta;99
2021-11-12 11:30:00;2021-Q4;202.3;202.38;200.55;200.55;16;-0.87;-4.97;6.09;2.3;Baixa;0.4;2;Amplitude Alta;99
2025-06-27 13:00:00;2025-Q2;336.06;338.95;335.93;338.95;40;0.86;3.26;4.71;6.2;Alta;0.4;2;Volume Alto;99
2023-05-10 09:40:00;2023-Q2;175.28;176.13;175.28;176.13;25;0.48;3.5;4.79;5.8;Alta;0.4;2;Volume Alto;99
2022-08-11 11:05:00;2022-Q3;201.71;202.44;200.37;200.37;15;-0.66;-4.22;7.06;2.0;Baixa;0.4;2;Amplitude Alta;99
2023-11-28 10:20:00;2023-Q4;167.87;167.87;166.74;166.74;12;-0.67;-5.1;6.2;1.9;Baixa;0.4;2;Amplitude Alta;98
2023-09-19 13:10:00;2023-Q3;157.63;158.56;157.63;158.56;19;0.59;3.82;4.75;5.4;Alta;0.4;2;Volume Alto;98
2024-12-13 11:50:00;2024-Q4;363.47;363.47;360.62;360.62;5;-0.78;-4.42;7.12;1.6;Baixa;0.4;2;Amplitude Alta;98
2025-11-19 09:40:00;2025-Q4;471.35;471.35;468.15;468.35;39;-0.64;-3.66;4.8;5.5;Baixa;0.4;2;Volume Alto;98
2024-07-12 11:50:00;2024-Q3;259.46;259.46;257.67;257.67;53;-0.69;-3.73;4.63;5.6;Baixa;0.4;2;Volume Alto;98
2024-01-08 11:55:00;2024-Q1;179.57;180.42;179.57;180.42;32;0.47;2.82;4.13;7.4;Alta;0.44;2;Volume Alto;98
2025-04-09 14:20:00;2025-Q2;386.88;393.02;386.79;392.06;29;1.34;4.22;6.76;2.2;Alta;0.4;2;Amplitude Alta;98
2022-10-07 12:20:00;2022-Q4;196.0;196.99;195.77;196.99;36;0.51;3.45;4.73;5.8;Alta;0.4;2;Volume Alto;98
2021-03-23 12:20:00;2021-Q1;127.81;127.81;127.16;127.16;11;-0.51;-4.59;6.07;2.6;Baixa;0.4;2;Amplitude Alta;98
2025-10-06 10:45:00;2025-Q4;442.88;443.02;438.92;440.32;66;-0.58;-2.66;5.33;6.1;Baixa;0.47;2;Volume Alto;98
2021-04-06 11:25:00;2021-Q2;122.73;123.3;122.73;123.3;16;0.46;3.49;6.12;4.0;Alta;0.4;2;Amplitude Alta;98
2025-06-27 10:40:00;2025-Q2;337.8;337.8;333.68;333.68;34;-1.22;-4.28;6.27;2.8;Baixa;0.4;2;Amplitude Alta;98
2025-03-13 10:00:00;2025-Q1;419.41;419.41;416.81;416.81;11;-0.62;-4.33;6.51;2.3;Baixa;0.4;2;Amplitude Alta;97
2024-08-12 10:50:00;2024-Q3;257.33;258.27;256.27;258.27;46;0.37;2.65;6.41;4.6;Neutro;0.47;2;Amplitude Alta;97
2022-06-21 11:15:00;2022-Q2;221.5;222.46;221.5;222.46;73;0.43;3.54;4.03;6.4;Alta;0.4;2;Volume Alto;97
2023-08-31 10:45:00;2023-Q3;152.27;153.08;152.27;153.08;10;0.53;3.76;6.25;3.3;Alta;0.4;2;Amplitude Alta;97
2024-12-17 11:35:00;2024-Q4;357.99;357.99;355.8;356.24;15;-0.49;-3.07;5.2;5.6;Baixa;0.4;2;Volume Alto;97
2024-01-23 11:00:00;2024-Q1;190.79;190.79;189.62;189.62;8;-0.61;-4.36;6.05;2.8;Baixa;0.4;2;Amplitude Alta;97
2021-12-08 11:00:00;2021-Q4;223.86;224.06;222.62;222.65;50;-0.54;-3.11;4.03;6.9;Baixa;0.4;2;Volume Alto;97
2021-02-25 10:55:00;2021-Q1;133.31;134.09;133.31;134.09;4;0.59;4.27;7.13;1.5;Alta;0.4;2;Amplitude Alta;97
2025-05-27 10:35:00;2025-Q2;409.32;411.65;409.32;411.52;25;0.54;3.31;5.06;5.3;Alta;0.4;2;Volume Alto;96
2025-12-03 11:30:00;2025-Q4;463.0;465.1;463.0;464.5;25;0.32;2.66;5.0;6.2;Neutro;0.47;2;Volume Alto;96
2024-07-19 11:00:00;2024-Q3;248.57;250.82;248.53;249.76;14;0.48;2.96;7.44;2.7;Alta;0.41;2;Amplitude Alta;96
2024-03-04 12:40:00;2024-Q1;191.09;192.19;191.04;192.19;7;0.58;4.6;6.98;1.1;Alta;0.4;2;Amplitude Alta;96
2023-12-06 11:35:00;2023-Q4;173.8;173.88;173.11;173.11;51;-0.4;-2.95;4.28;6.7;Neutro;0.41;2;Volume Alto;96
2025-01-14 14:20:00;2025-Q1;354.36;354.4;353.17;353.17;28;-0.34;-3.38;4.43;5.9;Neutro;0.4;2;Volume Alto;96
2024-09-20 12:25:00;2024-Q3;263.65;263.65;262.01;262.53;59;-0.42;-2.93;4.55;6.3;Baixa;0.41;2;Volume Alto;95
2021-08-02 10:40:00;2021-Q3;173.92;176.38;173.92;176.38;6;1.41;4.5;7.22;0.8;Alta;0.4;2;Amplitude Alta;95
2021-10-26 11:25:00;2021-Q4;198.61;200.24;198.61;199.68;44;0.54;2.97;4.51;6.2;Alta;0.41;2;Volume Alto;95
2021-03-22 14:35:00;2021-Q1;127.81;127.81;127.03;127.03;3;-0.61;-4.75;6.94;0.8;Baixa;0.4;2;Amplitude Alta;95
2024-04-23 09:45:00;2024-Q2;230.02;230.02;228.1;228.91;42;-0.48;-2.83;5.62;5.0;Baixa;0.43;2;Volume Alto;95
2025-04-16 11:00:00;2025-Q2;413.71;415.45;413.71;415.45;53;0.42;2.82;3.47;7.7;Neutro;0.44;2;Volume Alto;95
2023-01-12 10:00:00;2023-Q1;146.53;146.53;145.56;145.56;38;-0.66;-3.18;4.57;5.8;Baixa;0.4;2;Volume Alto;95
2023-07-31 14:05:00;2023-Q3;152.31;154.14;152.31;153.4;26;0.72;3.15;6.11;3.9;Alta;0.4;2;Amplitude Alta;94
2025-07-02 11:55:00;2025-Q3;318.34;318.34;315.46;316.38;15;-0.62;-3.57;7.23;1.9;Baixa;0.4;2;Amplitude Alta;94
2021-01-06 11:00:00;2021-Q1;119.81;120.58;119.81;120.32;8;0.43;3.71;7.38;1.5;Alta;0.4;2;Amplitude Alta;94
2025-04-15 09:40:00;2025-Q2;406.57;409.32;406.57;409.32;8;0.68;4.14;6.41;2.2;Alta;0.4;2;Amplitude Alta;94
2024-03-27 10:25:00;2024-Q1;194.7;194.83;194.02;194.02;41;-0.35;-3.15;5.09;5.1;Neutro;0.4;2;Volume Alto;94
2021-02-22 14:25:00;2021-Q1;128.22;128.84;128.22;128.84;29;0.48;2.94;4.81;5.7;Alta;0.41;2;Volume Alto;94
2024-02-20 13:00:00;2024-Q1;188.24;188.24;187.48;187.64;13;-0.32;-3.28;6.37;3.3;Neutro;0.4;2;Amplitude Alta;94
2021-06-08 09:55:00;2021-Q2;158.33;159.03;158.04;159.03;18;0.44;3.03;6.2;3.9;Alta;0.4;2;Amplitude Alta;94
2025-10-03 13:00:00;2025-Q4;448.53;451.43;448.53;451.34;61;0.63;2.73;3.44;7.7;Alta;0.45;2;Volume Alto;94
2022-12-07 13:45:00;2022-Q4;152.02;152.02;151.23;151.23;11;-0.52;-4.1;6.19;2.4;Baixa;0.4;2;Amplitude Alta;94
2021-02-17 13:45:00;2021-Q1;121.82;122.23;121.82;122.23;12;0.34;3.8;6.4;2.6;Neutro;0.4;2;Amplitude Alta;94
2024-04-19 10:05:00;2024-Q2;240.02;240.02;237.8;238.27;47;-0.73;-3.2;5.02;5.1;Baixa;0.4;2;Volume Alto;94
2024-06-26 10:50:00;2024-Q2;235.29;235.72;233.85;233.85;20;-0.61;-4.07;6.23;2.4;Baixa;0.4;2;Amplitude Alta;94
2023-12-15 12:20:00;2023-Q4;187.68;187.68;186.63;186.63;43;-0.56;-2.99;4.56;5.9;Baixa;0.4;2;Volume Alto;93
2023-03-03 10:30:00;2023-Q1;169.23;169.23;168.37;168.37;29;-0.51;-3.52;4.01;5.9;Baixa;0.4;2;Volume Alto;93
2025-01-02 11:00:00;2025-Q1;352.69;354.75;352.69;354.05;10;0.39;3.05;6.93;2.8;Neutro;0.4;2;Amplitude Alta;93
2021-01-05 12:50:00;2021-Q1;120.32;120.83;120.32;120.83;22;0.42;2.85;4.43;6.2;Neutro;0.43;2;Volume Alto;93
2024-07-02 12:30:00;2024-Q3;239.89;239.89;237.89;237.89;9;-0.83;-4.41;6.56;1.5;Baixa;0.4;2;Amplitude Alta;93
2024-11-04 13:05:00;2024-Q4;259.28;260.23;259.28;260.23;21;0.37;3.24;4.85;5.1;Neutro;0.4;2;Volume Alto;93
2023-08-03 10:55:00;2023-Q3;154.68;154.8;153.75;153.87;9;-0.52;-3.82;6.51;2.3;Baixa;0.4;2;Amplitude Alta;93
2025-10-23 10:00:00;2025-Q4;493.68;497.88;493.68;497.64;106;0.8;3.57;3.55;6.3;Alta;0.4;2;Volume Alto;93
2024-04-26 10:35:00;2024-Q2;229.76;231.72;229.76;230.83;15;0.47;2.72;6.85;3.3;Alta;0.46;2;Amplitude Alta;93
2025-11-05 13:30:00;2025-Q4;482.85;485.27;482.85;485.27;35;0.5;2.96;3.84;6.7;Alta;0.41;2;Volume Alto;93
2025-03-28 11:00:00;2025-Q1;429.6;431.07;429.56;431.07;29;0.34;2.86;3.71;7.0;Neutro;0.43;2;Volume Alto;93
2022-12-15 11:40:00;2022-Q4;162.13;163.06;162.13;163.06;29;0.57;3.48;4.36;5.3;Alta;0.4;2;Volume Alto;93
2021-01-27 15:15:00;2021-Q1;123.14;123.27;122.63;122.63;4;-0.41;-3.35;7.71;1.3;Baixa;0.4;2;Amplitude Alta;93
2024-02-21 10:35:00;2024-Q1;188.04;188.69;188.04;188.69;3;0.35;4.45;6.83;0.9;Neutro;0.4;2;Amplitude Alta;92
2022-12-20 10:00:00;2022-Q4;160.86;161.61;160.86;161.61;9;0.47;3.48;6.02;3.2;Alta;0.4;2;Amplitude Alta;92
2022-02-25 10:15:00;2022-Q1;227.29;228.61;227.29;228.61;3;0.58;4.49;6.2;1.6;Alta;0.4;2;Amplitude Alta;92
2021-11-23 11:45:00;2021-Q4;219.03;219.81;217.59;217.59;83;-0.66;-3.06;4.66;5.4;Baixa;0.4;2;Volume Alto;92
2023-02-17 11:25:00;2023-Q1;173.96;174.82;173.18;174.82;16;0.49;2.76;6.97;2.9;Alta;0.45;2;Amplitude Alta;92
2025-05-16 14:55:00;2025-Q2;414.77;414.77;412.07;412.07;9;-0.65;-4.17;6.17;2.0;Baixa;0.4;2;Amplitude Alta;92
2022-11-23 11:00:00;2022-Q4;150.41;150.41;149.66;149.66;15;-0.5;-3.88;6.06;2.5;Baixa;0.4;2;Amplitude Alta;91
2022-06-24 10:15:00;2022-Q2;216.32;216.32;214.33;214.79;26;-0.71;-4.03;6.47;1.7;Baixa;0.4;2;Amplitude Alta;91
2025-11-18 10:30:00;2025-Q4;472.5;475.1;472.5;475.1;33;0.55;3.02;3.81;6.4;Alta;0.4;2;Volume Alto;91
2023-07-24 13:15:00;2023-Q3;150.99;151.69;150.45;151.69;10;0.46;3.24;6.92;2.2;Alta;0.4;2;Amplitude Alta;91
2021-02-24 14:35:00;2021-Q1;131.26;131.26;130.44;130.52;10;-0.56;-3.55;6.48;2.3;Baixa;0.4;2;Amplitude Alta;91
2025-08-18 12:15:00;2025-Q3;400.64;403.58;398.61;398.61;19;-0.51;-2.67;6.18;3.9;Baixa;0.47;2;Amplitude Alta;91
2021-09-08 13:45:00;2021-Q3;183.45;183.45;182.17;182.17;10;-0.7;-3.95;6.62;1.6;Baixa;0.4;2;Amplitude Alta;91
2024-03-06 11:15:00;2024-Q1;190.06;191.13;190.06;191.04;37;0.52;2.55;3.77;7.0;Alta;0.49;2;Volume Alto;91
2024-09-05 10:40:00;2024-Q3;259.15;260.66;259.15;260.53;48;0.53;3.42;4.18;5.2;Alta;0.4;2;Volume Alto;90
2022-12-12 14:30:00;2022-Q4;158.17;158.81;157.32;157.32;18;-0.54;-3.01;6.05;3.5;Baixa;0.4;2;Amplitude Alta;90
2023-10-02 09:40:00;2023-Q4;144.38;145.59;144.38;145.43;17;0.73;3.74;6.13;2.4;Alta;0.4;2;Amplitude Alta;90
2023-05-25 14:50:00;2023-Q2;168.34;168.34;167.02;167.02;11;-0.78;-4.2;6.23;1.6;Baixa;0.4;2;Amplitude Alta;90
2022-07-29 10:10:00;2022-Q3;198.83;198.83;197.15;197.26;46;-0.79;-3.33;4.34;5.1;Baixa;0.4;2;Volume Alto;90
2021-03-23 14:20:00;2021-Q1;125.56;125.56;125.15;125.15;23;-0.33;-3.01;4.07;5.9;Neutro;0.4;2;Volume Alto;90
2025-05-07 09:40:00;2025-Q2;432.85;434.36;431.57;434.36;8;0.35;2.9;7.66;1.5;Neutro;0.42;2;Amplitude Alta;90
2021-11-19 14:00:00;2021-Q4;215.1;215.1;213.74;213.74;35;-0.63;-3.3;3.69;5.9;Baixa;0.4;2;Volume Alto;89
2023-10-24 10:05:00;2023-Q4;160.73;161.54;160.73;161.46;66;0.45;3.13;3.81;5.9;Alta;0.4;2;Volume Alto;89
2022-05-05 12:10:00;2022-Q2;210.53;210.53;209.04;209.04;42;-0.71;-3.22;4.28;5.2;Baixa;0.4;2;Volume Alto;89
2025-09-09 12:15:00;2025-Q3;453.8;453.8;450.52;451.43;30;-0.52;-2.75;4.23;5.8;Baixa;0.45;2;Volume Alto;89
2021-08-02 13:00:00;2021-Q3;170.43;170.43;168.71;168.71;7;-1.01;-3.79;6.3;1.8;Baixa;0.4;2;Amplitude Alta;88
2023-02-23 09:50:00;2023-Q1;177.51;177.51;176.13;176.13;4;-0.78;-4.14;6.33;1.2;Baixa;0.4;2;Amplitude Alta;88
2025-05-07 10:10:00;2025-Q2;433.08;433.08;431.11;431.3;9;-0.41;-3.85;6.09;1.9;Baixa;0.4;2;Amplitude Alta;88
2022-09-15 10:05:00;2022-Q3;197.34;198.1;197.15;198.1;42;0.39;2.65;3.87;6.3;Neutro;0.47;2;Volume Alto;88
2025-08-25 12:30:00;2025-Q3;455.49;456.27;452.45;452.45;71;-0.67;-2.6;4.19;5.9;Baixa;0.48;2;Volume Alto;88
2023-01-17 13:40:00;2023-Q1;150.86;151.01;150.15;150.15;6;-0.47;-3.82;6.32;1.6;Baixa;0.4;2;Amplitude Alta;88
2024-03-07 11:50:00;2024-Q1;195.47;196.57;195.47;196.32;62;0.43;3.06;4.2;5.3;Alta;0.4;2;Volume Alto;88
2025-08-18 12:10:00;2025-Q3;397.2;399.96;397.2;399.96;42;0.69;3.15;3.41;6.1;Alta;0.4;2;Volume Alto;88
2021-01-29 13:35:00;2021-Q1;120.88;121.39;120.88;121.39;6;0.42;2.87;7.08;1.9;Neutro;0.43;2;Amplitude Alta;87
2024-09-20 12:30:00;2024-Q3;262.61;262.61;261.7;261.7;53;-0.35;-2.54;2.63;7.9;Neutro;0.49;2;Volume Alto;87
2024-06-12 12:55:00;2024-Q2;229.76;232.87;229.76;231.89;33;0.93;3.13;6.19;2.6;Alta;0.4;2;Amplitude Alta;87
2022-01-25 11:35:00;2022-Q1;227.75;227.75;226.86;226.93;32;-0.36;-2.56;3.44;6.8;Neutro;0.49;2;Volume Alto;87
2023-01-18 12:35:00;2023-Q1;152.2;153.02;152.2;152.72;15;0.34;2.78;6.06;3.2;Neutro;0.44;2;Amplitude Alta;87
2025-01-08 14:05:00;2025-Q1;346.78;348.53;346.73;348.53;8;0.5;3.87;6.2;1.5;Alta;0.4;2;Amplitude Alta;86
2023-08-31 10:15:00;2023-Q3;151.07;151.07;150.1;150.1;13;-0.64;-3.65;6.01;2.0;Baixa;0.4;2;Amplitude Alta;86
2024-07-26 10:45:00;2024-Q3;245.59;245.59;244.65;244.65;22;-0.38;-2.92;3.82;5.6;Neutro;0.42;2;Volume Alto;86
2024-01-11 12:15:00;2024-Q1;185.38;185.62;184.41;184.41;44;-0.52;-2.51;4.65;5.1;Baixa;0.5;2;Volume Alto;86
2025-06-16 09:50:00;2025-Q2;386.11;386.79;384.55;384.55;4;-0.4;-3.15;7.23;1.1;Baixa;0.4;2;Amplitude Alta;86
2022-08-17 09:35:00;2022-Q3;197.68;198.68;197.68;198.68;7;0.51;3.52;6.31;1.7;Alta;0.4;2;Amplitude Alta;86
2025-06-23 11:20:00;2025-Q2;361.29;363.81;361.29;363.81;32;0.7;2.96;3.79;5.6;Alta;0.41;2;Volume Alto;85
2022-08-26 10:45:00;2022-Q3;217.66;218.85;217.66;218.54;42;0.4;2.68;4.25;5.3;Neutro;0.46;2;Volume Alto;85
2024-04-12 13:15:00;2024-Q2;231.55;231.55;229.68;229.98;65;-0.68;-3.28;3.66;5.1;Baixa;0.4;2;Volume Alto;84
2023-11-06 13:35:00;2023-Q4;165.16;166.29;165.16;166.29;9;0.68;3.44;6.25;1.6;Alta;0.4;2;Amplitude Alta;84
2024-09-12 11:30:00;2024-Q3;259.62;259.62;258.45;258.45;30;-0.45;-3.42;3.52;5.0;Baixa;0.4;2;Volume Alto;84
2021-11-19 11:10:00;2021-Q4;216.27;217.56;216.27;217.56;31;0.6;3.36;3.17;5.5;Alta;0.4;2;Volume Alto;84
2023-06-20 11:05:00;2023-Q2;164.42;164.5;163.49;163.49;17;-0.57;-3.56;6.01;1.7;Baixa;0.4;2;Amplitude Alta;84
2022-12-02 10:30:00;2022-Q4;152.87;153.02;152.02;152.02;11;-0.56;-3.09;6.1;2.2;Baixa;0.4;2;Amplitude Alta;84
2022-05-16 10:55:00;2022-Q2;212.95;212.95;211.45;211.61;29;-0.63;-2.94;3.89;5.0;Baixa;0.41;2;Volume Alto;83
2021-01-15 10:05:00;2021-Q1;124.72;125.79;124.72;125.66;16;0.75;3.47;6.37;1.2;Alta;0.4;2;Amplitude Alta;83
2021-01-05 10:45:00;2021-Q1;120.06;120.06;119.29;119.51;14;-0.46;-2.92;6.1;2.3;Baixa;0.42;2;Amplitude Alta;83
2025-09-05 10:45:00;2025-Q3;440.51;442.88;440.51;442.73;19;0.5;2.77;3.76;5.4;Alta;0.45;2;Volume Alto;82
2021-03-26 11:20:00;2021-Q1;125.02;125.02;124.45;124.45;4;-0.46;-3.19;6.16;1.7;Baixa;0.4;2;Amplitude Alta;82
2022-12-16 12:35:00;2022-Q4;159.74;160.11;159.07;159.14;17;-0.38;-2.82;6.31;2.0;Neutro;0.44;2;Amplitude Alta;82
2022-09-14 12:40:00;2022-Q3;196.92;196.92;196.15;196.15;24;-0.39;-2.92;3.26;5.6;Neutro;0.42;2;Volume Alto;82
2021-07-20 11:50:00;2021-Q3;161.28;162.43;161.28;162.43;30;0.71;2.87;3.61;5.2;Alta;0.43;2;Volume Alto;81
2023-07-06 11:10:00;2023-Q3;148.98;149.36;148.08;148.08;7;-0.6;-3.19;6.37;1.3;Baixa;0.4;2;Amplitude Alta;81
2024-11-08 10:00:00;2024-Q4;271.45;272.97;271.45;272.36;9;0.34;2.72;6.6;1.6;Neutro;0.46;2;Amplitude Alta;81
2025-08-01 13:10:00;2025-Q3;329.65;329.65;327.82;327.82;33;-0.56;-2.74;3.82;5.1;Baixa;0.45;2;Volume Alto;81
2023-05-02 12:40:00;2023-Q2;174.58;175.36;174.58;175.36;41;0.45;2.86;3.21;5.6;Alta;0.43;2;Volume Alto;81
2025-11-06 10:35:00;2025-Q4;475.46;475.46;472.8;473.38;42;-0.44;-2.54;3.84;5.2;Neutro;0.49;2;Volume Alto;81
2023-04-11 13:20:00;2023-Q2;174.74;175.47;174.58;175.47;84;0.42;2.51;3.23;6.0;Neutro;0.5;2;Volume Alto;80
2021-03-19 14:00:00;2021-Q1;127.77;127.77;127.16;127.16;3;-0.48;-3.37;6.53;0.7;Baixa;0.4;2;Amplitude Alta;80
2021-02-17 13:05:00;2021-Q1;121.82;122.23;121.74;122.23;6;0.34;3.4;6.06;1.2;Neutro;0.4;2;Amplitude Alta;80
2024-04-26 10:50:00;2024-Q2;231.72;232.66;231.72;232.66;18;0.41;2.53;3.57;5.5;Neutro;0.49;2;Volume Alto;80
2023-11-17 10:25:00;2023-Q4;164.88;164.88;164.07;164.07;32;-0.49;-2.71;3.03;5.9;Baixa;0.46;2;Volume Alto;80
2022-01-25 14:55:00;2022-Q1;227.67;228.53;227.6;228.53;55;0.38;2.78;3.14;5.6;Neutro;0.44;2;Volume Alto;79
2021-05-13 14:55:00;2021-Q2;144.38;145.57;144.38;145.57;4;0.82;3.54;6.07;0.7;Alta;0.4;2;Amplitude Alta;78
2023-03-14 10:45:00;2023-Q1;166.67;166.71;165.85;165.85;24;-0.49;-2.58;3.39;5.2;Baixa;0.48;2;Volume Alto;77
2023-04-24 14:55:00;2023-Q2;177.69;177.69;176.52;176.95;10;-0.42;-2.55;6.02;1.6;Neutro;0.49;2;Amplitude Alta;75
2022-06-09 12:10:00;2022-Q2;223.23;224.0;223.23;224.0;19;0.34;2.77;2.53;5.1;Neutro;0.45;2;Volume Alto;72
